{
  "task": "single_bs_slam",
  "trials": 5,
  "num_paths": 12,
  "include_los": true,
  "angle_noise_deg": 0.1,
  "delay_noise_ns": 0.2,
  "preset": "paper",
  "position_rmse_m": 156.6078301671031,
  "rotation_mae_deg": 72.13577859443988,
  "scale_rel_mae": 38.347257023384294,
  "clock_bias_mae_ns": 500.0473024985193
}